id,first_name,last_name,email,gender,ip_address
1,Vanda,Ciraldo,vciraldo0@virginia.edu,Female,71.89.193.138
2,Roxie,Bissatt,rbissatt1@opera.com,Female,227.107.8.1
3,Tye,Binstead,tbinstead2@mayoclinic.com,Male,82.172.132.136
4,Kalina,Penrose,kpenrose3@craigslist.org,Female,100.54.254.13
5,Cammi,Bisterfeld,cbisterfeld4@trellian.com,Female,167.145.169.75
6,Merle,Petschel,mpetschel5@jugem.jp,Female,67.42.90.159
7,Kirsteni,Townrow,ktownrow6@imgur.com,Female,203.255.149.208
8,Gayle,Doppler,gdoppler7@moonfruit.com,Male,124.210.167.206
9,Matti,Jeavons,mjeavons8@com.com,Female,243.183.181.20
10,Byran,Boycott,bboycott9@msn.com,Male,133.151.119.125
11,Gayle,Sitwell,gsitwella@shareasale.com,Female,128.229.39.176
12,Alys,McNair,amcnairb@gov.uk,Female,101.3.107.210
13,Brad,Perkin,bperkinc@booking.com,Male,226.51.127.97
14,Florette,Shawell,fshawelld@dailymail.co.uk,Female,37.6.39.197
15,Khalil,Thornham,kthornhame@narod.ru,Male,101.157.160.214
16,Dorotea,Crinkley,dcrinkleyf@epa.gov,Female,197.171.163.145
17,Amalie,Buttfield,abuttfieldg@edublogs.org,Female,193.246.3.52
18,Freddy,Dabbs,fdabbsh@army.mil,Female,32.167.149.46
19,Otes,Dilke,odilkei@discuz.net,Male,158.117.9.189
20,Elwin,Atherton,eathertonj@bluehost.com,Male,2.69.165.85
21,Cissiee,Velasquez,cvelasquezk@sitemeter.com,Female,20.105.161.241
22,Clayborne,Layson,claysonl@geocities.com,Male,221.102.225.92
23,Wendye,Haney,whaneym@twitpic.com,Female,39.79.120.147
24,Derick,Stoffer,dstoffern@cnet.com,Male,70.83.210.177
25,Ronalda,Balffye,rbalffyeo@earthlink.net,Female,44.145.54.22
26,Hettie,Parlott,hparlottp@netlog.com,Female,49.198.27.215
27,Kristos,Flann,kflannq@smugmug.com,Male,112.235.134.123
28,Barth,Battersby,bbattersbyr@edublogs.org,Male,150.26.235.21
29,Webster,Chotty,wchottys@sphinn.com,Male,67.21.165.238
30,Vonnie,Bowfin,vbowfint@theglobeandmail.com,Female,173.138.158.126
31,Yalonda,Caltera,ycalterau@mtv.com,Female,23.64.90.213
32,Lelah,Orts,lortsv@google.com.hk,Female,248.232.94.178
33,Tessa,Prate,tpratew@macromedia.com,Female,248.44.83.144
34,Hort,Baldung,hbaldungx@ucoz.ru,Male,153.223.222.151
35,Booth,Mathou,bmathouy@sun.com,Male,70.92.244.112
36,Stephie,Chattelaine,schattelainez@123-reg.co.uk,Female,118.7.24.30
37,Alvie,Broschek,abroschek10@forbes.com,Male,237.215.211.246
38,Torry,Danbrook,tdanbrook11@forbes.com,Male,54.47.107.130
39,Zandra,Rentalll,zrentalll12@chronoengine.com,Female,71.200.55.19
40,Amanda,Korpolak,akorpolak13@ftc.gov,Female,81.137.220.57
41,Devan,Seemmonds,dseemmonds14@miibeian.gov.cn,Female,81.210.154.103
42,Sidoney,Sparway,ssparway15@flickr.com,Female,14.157.142.213
43,Shanna,Ranyell,sranyell16@wikispaces.com,Female,38.14.221.252
44,Bliss,Tristram,btristram17@qq.com,Female,23.92.3.43
45,Ame,Gallemore,agallemore18@delicious.com,Female,93.166.81.91
46,Karilynn,Bartolomeazzi,kbartolomeazzi19@friendfeed.com,Female,151.245.22.57
47,Desiree,Yeats,dyeats1a@nba.com,Female,47.201.156.20
48,Damiano,Lorking,dlorking1b@cocolog-nifty.com,Male,231.216.186.36
49,Sharlene,Cleare,scleare1c@goo.ne.jp,Female,163.29.1.52
50,Cob,Lambeth,clambeth1d@amazon.co.jp,Male,171.55.235.119
51,Barbabra,Sleford,bsleford1e@indiatimes.com,Female,128.69.219.126
52,Tedd,Woodson,twoodson1f@smugmug.com,Male,39.187.103.241
53,Dorothy,Andryushin,dandryushin1g@google.fr,Female,203.70.193.216
54,Leicester,Levison,llevison1h@slideshare.net,Male,177.209.29.107
55,Lester,Jiri,ljiri1i@google.de,Male,242.212.218.3
56,Debra,Bond,dbond1j@adobe.com,Female,228.202.215.146
57,Valle,Hollingshead,vhollingshead1k@archive.org,Male,9.36.113.144
58,Ely,Haslam,ehaslam1l@hud.gov,Male,191.208.198.65
59,Isaak,Anders,ianders1m@themeforest.net,Male,117.124.29.16
60,Roosevelt,Harrald,rharrald1n@stanford.edu,Male,7.1.203.18
61,Stuart,Noteyoung,snoteyoung1o@oracle.com,Male,201.32.176.101
62,Lawrence,Wolstencroft,lwolstencroft1p@nyu.edu,Male,10.123.64.110
63,Sabine,Hakonsson,shakonsson1q@hp.com,Female,52.104.46.97
64,Wallie,Merman,wmerman1r@cloudflare.com,Male,9.207.62.225
65,Lek,Druett,ldruett1s@last.fm,Male,101.86.21.67
66,Shelbi,MacElroy,smacelroy1t@huffingtonpost.com,Female,221.158.75.125
67,Sophie,Motto,smotto1u@blogs.com,Female,95.80.196.201
68,Burch,Skipton,bskipton1v@yolasite.com,Male,1.153.220.245
69,Moe,Bertolaccini,mbertolaccini1w@aol.com,Male,134.148.6.173
70,Lillian,Blackshaw,lblackshaw1x@upenn.edu,Female,163.47.130.163
71,Lorry,Ewer,lewer1y@netvibes.com,Female,149.123.144.154
72,Dasi,Mulkerrins,dmulkerrins1z@dyndns.org,Female,36.229.113.220
73,Giuseppe,Blundan,gblundan20@narod.ru,Male,154.56.19.147
74,Ellen,Bachnic,ebachnic21@weather.com,Female,158.66.133.128
75,Warren,Mallaby,wmallaby22@odnoklassniki.ru,Male,217.127.245.187
76,Wit,Ell,well23@hud.gov,Male,49.233.83.127
77,Barry,Vasyunin,bvasyunin24@naver.com,Male,243.162.133.129
78,Arte,Reggiani,areggiani25@rediff.com,Male,171.197.149.99
79,Anna-maria,Sendley,asendley26@ehow.com,Female,124.60.182.176
80,Cristie,Tesimon,ctesimon27@squidoo.com,Female,220.124.222.8
81,Johna,De Roos,jderoos28@youku.com,Female,140.223.203.183
82,Jessica,Remer,jremer29@howstuffworks.com,Female,73.229.234.34
83,Rafaelita,Masurel,rmasurel2a@furl.net,Female,152.73.235.142
84,Lois,Mitchely,lmitchely2b@360.cn,Female,145.191.193.208
85,Douglass,Coultar,dcoultar2c@sakura.ne.jp,Male,131.193.189.244
86,Krystal,McCandie,kmccandie2d@ifeng.com,Female,226.97.143.186
87,Christi,Alessandretti,calessandretti2e@angelfire.com,Female,202.250.218.124
88,Hillary,Edgeller,hedgeller2f@salon.com,Male,199.107.152.233
89,Liz,Charlson,lcharlson2g@joomla.org,Female,157.111.67.155
90,Gradeigh,Sarjant,gsarjant2h@nhs.uk,Male,157.66.232.76
91,Eba,Semark,esemark2i@artisteer.com,Female,53.250.9.33
92,Hillier,Moneypenny,hmoneypenny2j@baidu.com,Male,6.34.172.50
93,Duane,Bordman,dbordman2k@livejournal.com,Male,36.152.222.65
94,Lynnet,Epsly,lepsly2l@irs.gov,Female,28.139.51.116
95,Granthem,O'Carney,gocarney2m@meetup.com,Male,221.60.131.76
96,Batsheva,Donisi,bdonisi2n@arstechnica.com,Female,223.26.176.72
97,Valentin,Walczak,vwalczak2o@smh.com.au,Male,206.215.87.101
98,Agna,Foltin,afoltin2p@nhs.uk,Female,253.154.124.188
99,Reed,Sanper,rsanper2q@mapy.cz,Male,203.28.64.40
100,Cale,Pumfrett,cpumfrett2r@yellowbook.com,Male,44.45.143.86
101,Reube,Rackham,rrackham2s@samsung.com,Male,217.189.199.90
102,Jeramie,Maddrell,jmaddrell2t@telegraph.co.uk,Male,55.191.206.5
103,Mickie,Dancer,mdancer2u@ovh.net,Male,13.92.72.136
104,Laverne,Duffitt,lduffitt2v@epa.gov,Female,21.59.112.243
105,Elisha,Dizlie,edizlie2w@marriott.com,Male,156.100.89.55
106,Baillie,Nann,bnann2x@amazon.com,Male,251.131.12.147
107,Ally,Bodemeaid,abodemeaid2y@printfriendly.com,Female,86.232.166.102
108,Hilly,Pharoah,hpharoah2z@engadget.com,Male,107.151.225.185
109,Mabelle,Helstrom,mhelstrom30@senate.gov,Female,239.73.50.232
110,Elvin,MacAllester,emacallester31@icio.us,Male,138.53.95.222
111,Tobie,Ebanks,tebanks32@mail.ru,Male,97.86.253.53
112,Efrem,Ashdown,eashdown33@constantcontact.com,Male,62.198.41.236
113,Marty,Di Batista,mdibatista34@nba.com,Male,34.132.46.126
114,Erskine,Shanley,eshanley35@angelfire.com,Male,2.164.222.159
115,Augusto,Ciobotaro,aciobotaro36@uiuc.edu,Male,39.62.78.125
116,Gianni,Petronis,gpetronis37@berkeley.edu,Male,248.127.248.21
117,Berkly,Dunwoody,bdunwoody38@goodreads.com,Male,133.198.89.35
118,Gabi,Antonio,gantonio39@tiny.cc,Male,91.240.198.152
119,Jasun,Rollinson,jrollinson3a@unc.edu,Male,99.137.144.230
120,Byran,Seller,bseller3b@123-reg.co.uk,Male,16.48.68.108
121,Terencio,Petters,tpetters3c@quantcast.com,Male,154.40.104.197
122,Stevie,Mazzilli,smazzilli3d@eventbrite.com,Male,80.4.49.56
123,Flem,Late,flate3e@360.cn,Male,221.34.70.24
124,Candida,Gossage,cgossage3f@about.com,Female,57.14.73.77
125,Chic,Starkey,cstarkey3g@reuters.com,Male,126.246.7.44
126,Tyne,Jarritt,tjarritt3h@va.gov,Female,182.54.140.221
127,Mathew,Jedrysik,mjedrysik3i@yolasite.com,Male,168.23.54.179
128,Ber,Novotne,bnovotne3j@ihg.com,Male,224.45.228.56
129,Phineas,Orhrt,porhrt3k@1und1.de,Male,173.252.117.2
130,Bethina,Coppens,bcoppens3l@sbwire.com,Female,194.100.206.93
131,Elvin,China,echina3m@businessweek.com,Male,203.38.188.90
132,Gustave,Cuffin,gcuffin3n@google.de,Male,200.98.157.129
133,Lanna,Klimshuk,lklimshuk3o@geocities.com,Female,141.183.190.226
134,Dacie,Gauche,dgauche3p@topsy.com,Female,103.255.86.62
135,Antonio,Clavey,aclavey3q@va.gov,Male,20.254.212.13
136,Agnes,Frobisher,afrobisher3r@edublogs.org,Female,210.36.93.225
137,Halley,Springell,hspringell3s@privacy.gov.au,Female,188.213.151.106
138,Randi,Cuffin,rcuffin3t@edublogs.org,Male,96.36.25.186
139,Brana,Fawloe,bfawloe3u@ftc.gov,Female,4.250.93.106
140,Towney,Tschirschky,ttschirschky3v@stanford.edu,Male,47.199.22.160
141,Elden,Heersma,eheersma3w@phpbb.com,Male,170.187.59.157
142,Nilson,Beggin,nbeggin3x@hp.com,Male,83.129.124.171
143,Vinita,Vequaud,vvequaud3y@buzzfeed.com,Female,252.14.192.18
144,Jessie,Hapgood,jhapgood3z@npr.org,Female,166.144.86.6
145,Ibbie,Swinden,iswinden40@upenn.edu,Female,179.166.31.39
146,Oona,Tabour,otabour41@tripod.com,Female,142.226.119.154
147,Gladys,Kubala,gkubala42@deliciousdays.com,Female,135.229.201.1
148,Kevin,Antrobus,kantrobus43@loc.gov,Male,132.172.175.23
149,Orton,Janodet,ojanodet44@squidoo.com,Male,134.114.203.128
150,Simeon,Crissil,scrissil45@auda.org.au,Male,246.197.81.90
151,Clevey,Tomisch,ctomisch46@feedburner.com,Male,89.39.111.169
152,Tilly,Von Salzberg,tvonsalzberg47@squidoo.com,Female,150.96.116.148
153,Darbie,Covey,dcovey48@diigo.com,Female,36.198.47.154
154,Edgardo,Dodimead,edodimead49@friendfeed.com,Male,195.166.252.125
155,Kirsteni,Adamovitz,kadamovitz4a@earthlink.net,Female,145.114.89.45
156,Colver,Dederick,cdederick4b@discuz.net,Male,85.205.25.38
157,Jaquelyn,Daile,jdaile4c@statcounter.com,Female,196.146.126.134
158,Early,Lukovic,elukovic4d@thetimes.co.uk,Male,96.182.192.212
159,Barth,Spadaro,bspadaro4e@slashdot.org,Male,185.169.247.16
160,Vally,McMechan,vmcmechan4f@studiopress.com,Female,58.190.248.156
161,Sebastiano,Mirfin,smirfin4g@netscape.com,Male,228.98.4.251
162,Tod,Melbourne,tmelbourne4h@geocities.jp,Male,159.203.34.229
163,Christel,Roon,croon4i@cafepress.com,Female,236.207.75.148
164,Drusilla,Rasor,drasor4j@360.cn,Female,202.83.217.208
165,Orlan,Chantillon,ochantillon4k@youku.com,Male,78.35.61.185
166,Torr,Idiens,tidiens4l@cargocollective.com,Male,74.224.31.188
167,Eamon,Sparrow,esparrow4m@google.com.hk,Male,32.140.25.82
168,Ferrel,Arney,farney4n@digg.com,Male,85.123.223.99
169,Claudelle,Kuhle,ckuhle4o@nba.com,Female,54.64.74.14
170,Irena,Jolley,ijolley4p@uiuc.edu,Female,73.26.215.237
171,Michale,Dorey,mdorey4q@youtu.be,Male,46.88.206.70
172,Merl,Kitchaside,mkitchaside4r@zdnet.com,Female,76.202.121.57
173,Randall,Freeland,rfreeland4s@pen.io,Male,60.30.239.150
174,Conrad,Botright,cbotright4t@usatoday.com,Male,70.185.120.241
175,Adey,Padley,apadley4u@yellowpages.com,Female,24.136.26.113
176,Michail,Willoughley,mwilloughley4v@freewebs.com,Male,159.39.131.152
177,Justine,Labeuil,jlabeuil4w@twitter.com,Female,165.207.2.245
178,Carita,Fleming,cfleming4x@stumbleupon.com,Female,46.77.26.63
179,Ariel,Wyer,awyer4y@360.cn,Male,150.118.178.8
180,Kenn,Woodger,kwoodger4z@toplist.cz,Male,43.102.53.55
181,Calvin,Mouget,cmouget50@bing.com,Male,69.177.73.128
182,Aurie,Padkin,apadkin51@wikispaces.com,Female,121.158.112.219
183,Cullan,Brownfield,cbrownfield52@canalblog.com,Male,89.210.239.44
184,Roarke,Faier,rfaier53@ox.ac.uk,Male,49.56.94.171
185,Jessey,Ledekker,jledekker54@edublogs.org,Male,213.134.139.68
186,Lib,Geertz,lgeertz55@theatlantic.com,Female,99.110.12.11
187,Creight,Farre,cfarre56@answers.com,Male,194.83.181.94
188,Sancho,Chesser,schesser57@jugem.jp,Male,42.62.34.176
189,Shay,Antram,santram58@infoseek.co.jp,Male,65.115.199.86
190,Shandie,Wagner,swagner59@shinystat.com,Female,68.128.148.219
191,Dew,Baldock,dbaldock5a@hostgator.com,Male,115.252.236.221
192,Juli,Bigland,jbigland5b@forbes.com,Female,185.78.185.66
193,Garnette,Hopkins,ghopkins5c@fda.gov,Female,178.155.223.178
194,Magnum,Pentecust,mpentecust5d@cbc.ca,Male,10.189.60.231
195,Silvie,Rilings,srilings5e@nasa.gov,Female,206.201.142.95
196,Eudora,Bover,ebover5f@patch.com,Female,187.190.218.148
197,Riley,Franz-Schoninger,rfranzschoninger5g@ow.ly,Male,167.53.108.169
198,Raf,Bolin,rbolin5h@washingtonpost.com,Female,7.73.110.245
199,Natalee,MacBrearty,nmacbrearty5i@alibaba.com,Female,165.115.131.122
200,Alan,Lindenstrauss,alindenstrauss5j@mail.ru,Male,144.244.40.224
201,Matthew,Lowth,mlowth5k@state.tx.us,Male,112.220.74.31
202,Maddalena,Kitcat,mkitcat5l@google.com.hk,Female,42.107.205.117
203,Carlotta,Riddock,criddock5m@imageshack.us,Female,187.9.113.204
204,Abby,Hacaud,ahacaud5n@ezinearticles.com,Male,130.185.61.236
205,Sheena,Hibling,shibling5o@shop-pro.jp,Female,20.158.11.80
206,Darcie,Penright,dpenright5p@simplemachines.org,Female,74.101.221.125
207,Gwenni,Fanshaw,gfanshaw5q@goo.gl,Female,117.108.49.250
208,Dorothee,Kordt,dkordt5r@newsvine.com,Female,224.211.32.49
209,Franklyn,Kolis,fkolis5s@nydailynews.com,Male,223.10.3.195
210,Editha,Goodsell,egoodsell5t@eepurl.com,Female,164.113.148.45
211,Coralie,Iddons,ciddons5u@ucoz.ru,Female,195.141.100.166
212,Kala,Purdom,kpurdom5v@reverbnation.com,Female,96.184.143.170
213,Joanie,Cowlas,jcowlas5w@squarespace.com,Female,9.192.51.86
214,Flo,Houlahan,fhoulahan5x@topsy.com,Female,195.199.160.79
215,Dewitt,Wrigglesworth,dwrigglesworth5y@sohu.com,Male,161.153.182.167
216,Emlen,Stenner,estenner5z@jigsy.com,Male,206.137.246.183
217,Thor,Crees,tcrees60@slate.com,Male,146.44.1.112
218,Janelle,Jerrom,jjerrom61@slate.com,Female,78.29.224.236
219,Geoffrey,McCaughan,gmccaughan62@google.com.br,Male,165.16.9.194
220,Irvine,Stainer,istainer63@newyorker.com,Male,171.40.191.162
221,Pierson,Wilshire,pwilshire64@telegraph.co.uk,Male,110.60.84.27
222,Shawn,Gartsyde,sgartsyde65@bandcamp.com,Female,82.128.72.90
223,Nadiya,Shevlane,nshevlane66@alexa.com,Female,71.129.20.77
224,Frannie,Hamlet,fhamlet67@cdc.gov,Male,229.195.248.233
225,Lark,Carvilla,lcarvilla68@nbcnews.com,Female,239.157.201.124
226,Nessy,Pfeifer,npfeifer69@nymag.com,Female,195.137.252.82
227,Bertram,MacPherson,bmacpherson6a@abc.net.au,Male,232.3.58.150
228,Dredi,Crasswell,dcrasswell6b@nytimes.com,Female,147.197.2.141
229,Harley,Victory,hvictory6c@java.com,Male,194.56.180.254
230,Joya,O'Boyle,joboyle6d@spotify.com,Female,159.119.147.83
231,Minnnie,Huett,mhuett6e@123-reg.co.uk,Female,68.30.18.88
232,Giorgia,Dripp,gdripp6f@telegraph.co.uk,Female,113.217.246.235
233,Thea,Seeks,tseeks6g@parallels.com,Female,5.167.5.119
234,Benoite,Danjoie,bdanjoie6h@techcrunch.com,Female,141.80.188.36
235,Bekki,Atherley,batherley6i@chicagotribune.com,Female,48.49.88.121
236,Jodi,Hanhart,jhanhart6j@cam.ac.uk,Male,184.164.195.186
237,Durant,Wagge,dwagge6k@homestead.com,Male,28.246.124.206
238,Natty,Cubin,ncubin6l@google.fr,Female,157.90.176.160
239,Tootsie,Sills,tsills6m@cnet.com,Female,113.8.112.58
240,Merle,Kuhnt,mkuhnt6n@mapy.cz,Male,207.208.149.120
241,Caroljean,Donohoe,cdonohoe6o@rediff.com,Female,97.62.60.61
242,Caryl,Aubert,caubert6p@loc.gov,Male,134.182.91.49
243,Euell,Niche,eniche6q@pcworld.com,Male,71.198.161.103
244,Everard,Wyvill,ewyvill6r@latimes.com,Male,199.206.10.184
245,Babbie,Franzke,bfranzke6s@prlog.org,Female,1.205.228.106
246,Drucie,Howgill,dhowgill6t@illinois.edu,Female,198.172.137.204
247,Nicolea,Tomczynski,ntomczynski6u@uiuc.edu,Female,151.247.39.200
248,Terrill,Arnaldi,tarnaldi6v@weebly.com,Male,83.242.18.230
249,Rupert,Immings,rimmings6w@si.edu,Male,91.133.65.92
250,Inger,McCaughey,imccaughey6x@people.com.cn,Female,249.52.76.178
251,Edd,Ricardet,ericardet6y@google.ru,Male,111.133.110.100
252,Robinia,Whatsize,rwhatsize6z@globo.com,Female,157.251.163.51
253,Maggee,Crickett,mcrickett70@google.com.br,Female,153.135.223.26
254,Emmanuel,Alden,ealden71@soundcloud.com,Male,250.252.133.11
255,Clemence,Davson,cdavson72@mozilla.com,Female,144.147.153.82
256,Oates,Ambrois,oambrois73@i2i.jp,Male,21.94.253.201
257,Haven,Ulrik,hulrik74@furl.net,Male,104.238.139.155
258,Romona,Attkins,rattkins75@amazon.de,Female,93.243.125.32
259,Ethe,Bianco,ebianco76@bbb.org,Male,134.7.13.91
260,Duane,Hake,dhake77@state.tx.us,Male,15.3.148.139
261,Kayla,Nesterov,knesterov78@123-reg.co.uk,Female,49.104.175.91
262,Lee,O'Dreain,lodreain79@fda.gov,Male,255.27.175.166
263,Tull,Hallede,thallede7a@de.vu,Male,60.139.238.252
264,Caryn,Matzaitis,cmatzaitis7b@discuz.net,Female,150.17.171.160
265,Dolley,Airton,dairton7c@devhub.com,Female,223.107.171.168
266,Jeremias,Deport,jdeport7d@usa.gov,Male,203.3.42.79
267,Bobbee,Ballentime,bballentime7e@weibo.com,Female,38.51.44.9
268,Calypso,Hissie,chissie7f@google.com.hk,Female,252.172.13.87
269,Alastair,Rouge,arouge7g@slate.com,Male,149.227.223.229
270,Ophelia,Weild,oweild7h@eepurl.com,Female,102.104.117.31
271,Ezmeralda,Bourbon,ebourbon7i@jigsy.com,Female,117.128.75.242
272,Toma,Sidery,tsidery7j@wsj.com,Female,85.78.43.193
273,Whitby,Stilwell,wstilwell7k@jugem.jp,Male,71.14.219.42
274,Kelbee,Sanches,ksanches7l@ucoz.com,Male,179.26.48.11
275,Tomlin,Faughnan,tfaughnan7m@ocn.ne.jp,Male,213.226.185.70
276,Weylin,Astall,wastall7n@clickbank.net,Male,68.24.143.209
277,Floyd,Lebbon,flebbon7o@weather.com,Male,35.224.137.154
278,Ware,Woolis,wwoolis7p@mlb.com,Male,141.78.4.243
279,Elyse,Coplestone,ecoplestone7q@comsenz.com,Female,180.216.34.100
280,Sammie,Pettingill,spettingill7r@lulu.com,Male,72.206.136.173
281,Nevin,Leggett,nleggett7s@theatlantic.com,Male,163.150.197.102
282,Caren,Lemmon,clemmon7t@newsvine.com,Female,10.177.254.15
283,Darius,Ayshford,dayshford7u@dropbox.com,Male,121.64.170.64
284,Ashton,Giacobilio,agiacobilio7v@adobe.com,Male,15.8.220.87
285,Flynn,Consterdine,fconsterdine7w@xinhuanet.com,Male,14.79.229.251
286,Korella,Antrum,kantrum7x@skyrock.com,Female,183.187.116.95
287,Wally,Southcott,wsouthcott7y@sakura.ne.jp,Male,143.192.67.82
288,Christiano,Jacklin,cjacklin7z@wikipedia.org,Male,22.168.56.169
289,Christiane,Argontt,cargontt80@cdc.gov,Female,231.181.135.47
290,Maryellen,Sciusscietto,msciusscietto81@domainmarket.com,Female,35.162.171.97
291,Grace,O'Brien,gobrien82@un.org,Male,232.199.230.18
292,Hadley,Curuclis,hcuruclis83@princeton.edu,Male,37.243.60.96
293,Haydon,Ruffle,hruffle84@bbb.org,Male,142.71.125.120
294,Kale,Megroff,kmegroff85@so-net.ne.jp,Male,74.165.15.167
295,Jeane,Delepine,jdelepine86@shutterfly.com,Female,139.191.58.150
296,Farrand,Louca,flouca87@apple.com,Female,150.208.48.32
297,Blancha,Trethowan,btrethowan88@amazon.co.jp,Female,160.241.212.249
298,Verne,Lauridsen,vlauridsen89@cnet.com,Male,48.52.196.64
299,Carey,Pountney,cpountney8a@unicef.org,Male,126.63.95.127
300,Steffen,Patkin,spatkin8b@cargocollective.com,Male,165.238.118.184
301,Viola,Carmen,vcarmen8c@meetup.com,Female,222.208.124.219
302,Leupold,Groneway,lgroneway8d@biblegateway.com,Male,119.74.62.179
303,Aaron,Leifer,aleifer8e@addthis.com,Male,114.213.206.199
304,Crista,Rosenschein,crosenschein8f@oracle.com,Female,12.42.132.74
305,Juliana,Stuchburie,jstuchburie8g@engadget.com,Female,15.69.250.62
306,Luce,Boynes,lboynes8h@edublogs.org,Male,56.213.65.53
307,Worth,Grieve,wgrieve8i@multiply.com,Male,181.136.202.90
308,Iggie,Meriet,imeriet8j@economist.com,Male,220.60.54.244
309,Eddy,Shury,eshury8k@samsung.com,Female,185.24.109.165
310,Fayth,Bosward,fbosward8l@loc.gov,Female,180.100.137.44
311,Jeremy,Billings,jbillings8m@hexun.com,Male,100.2.61.126
312,Malva,Suthworth,msuthworth8n@arstechnica.com,Female,143.141.127.181
313,Torin,Burdoun,tburdoun8o@imdb.com,Male,155.206.244.1
314,Paten,Cordle,pcordle8p@noaa.gov,Male,161.45.112.219
315,Aharon,Srutton,asrutton8q@dailymotion.com,Male,116.88.192.17
316,Lilllie,Manilove,lmanilove8r@wikimedia.org,Female,89.109.181.216
317,Emmy,Guitte,eguitte8s@imageshack.us,Female,117.106.168.164
318,Tracey,Flageul,tflageul8t@acquirethisname.com,Female,70.199.228.188
319,Saunderson,Peron,speron8u@tripadvisor.com,Male,76.195.169.35
320,Mollie,Pascho,mpascho8v@hhs.gov,Female,45.122.175.130
321,Babita,Pendleton,bpendleton8w@mashable.com,Female,228.77.15.141
322,Dominik,Kidwell,dkidwell8x@chron.com,Male,104.188.15.141
323,Darla,Peggs,dpeggs8y@umn.edu,Female,17.245.123.12
324,Ulberto,Scruby,uscruby8z@unblog.fr,Male,162.194.96.23
325,Humberto,Gilbride,hgilbride90@printfriendly.com,Male,45.46.223.229
326,Murdock,Lever,mlever91@myspace.com,Male,115.140.60.247
327,Edith,Mann,emann92@senate.gov,Female,123.131.166.230
328,Peggi,Slowgrove,pslowgrove93@google.cn,Female,249.73.85.110
329,Bartie,Burfield,bburfield94@ted.com,Male,199.43.152.162
330,Gunther,Patters,gpatters95@spiegel.de,Male,49.66.99.130
331,Anni,Mattek,amattek96@fema.gov,Female,170.12.194.163
332,Aldin,Widdowes,awiddowes97@godaddy.com,Male,227.64.252.238
333,Charlot,Prine,cprine98@histats.com,Female,206.146.138.121
334,Ashia,Sneesbie,asneesbie99@yellowpages.com,Female,242.82.233.154
335,Wallas,Gentric,wgentric9a@drupal.org,Male,41.152.127.11
336,Flori,Wimes,fwimes9b@flickr.com,Female,81.243.174.33
337,Hilary,McIlhatton,hmcilhatton9c@cyberchimps.com,Male,146.188.135.203
338,Bevan,McBrearty,bmcbrearty9d@joomla.org,Male,94.33.20.246
339,Celestyn,Legrave,clegrave9e@jugem.jp,Female,236.129.130.254
340,Miles,Diver,mdiver9f@netlog.com,Male,75.211.16.219
341,Silvan,Nunnery,snunnery9g@jimdo.com,Male,254.14.177.26
342,Harbert,Iveans,hiveans9h@vk.com,Male,15.1.114.192
343,Manfred,Clemerson,mclemerson9i@theglobeandmail.com,Male,136.193.215.115
344,Vivie,McDonand,vmcdonand9j@themeforest.net,Female,115.242.216.50
345,Nikolai,Delafont,ndelafont9k@biglobe.ne.jp,Male,53.42.215.203
346,Sharai,Beining,sbeining9l@unblog.fr,Female,235.225.176.163
347,Maitilde,Costen,mcosten9m@mtv.com,Female,118.24.106.79
348,Oliviero,Shard,oshard9n@123-reg.co.uk,Male,191.102.9.191
349,Henrie,Pesselt,hpesselt9o@about.com,Female,45.76.52.136
350,Odella,Pymer,opymer9p@cmu.edu,Female,12.235.23.214
351,Peggie,Bouchier,pbouchier9q@joomla.org,Female,190.167.139.34
352,Nollie,Edward,nedward9r@indiatimes.com,Male,16.208.152.80
353,Erastus,Mattingson,emattingson9s@friendfeed.com,Male,27.157.250.118
354,Major,Pardew,mpardew9t@tripod.com,Male,20.88.215.147
355,Gerda,Tire,gtire9u@ftc.gov,Female,154.155.43.26
356,Faina,Ceschini,fceschini9v@php.net,Female,27.254.237.187
357,Hana,Mepham,hmepham9w@biglobe.ne.jp,Female,5.105.178.98
358,Saudra,Moth,smoth9x@imdb.com,Female,236.143.195.142
359,Ramsey,Gealy,rgealy9y@addtoany.com,Male,230.187.95.115
360,Crysta,Goligher,cgoligher9z@walmart.com,Female,158.1.237.98
361,Sibella,Lillo,slilloa0@free.fr,Female,198.232.237.82
362,Aguie,Bexley,abexleya1@youtu.be,Male,143.140.38.211
363,Parnell,Dot,pdota2@is.gd,Male,21.118.213.166
364,Jim,Neame,jneamea3@bbb.org,Male,71.206.103.171
365,Valeria,Cruickshank,vcruickshanka4@imgur.com,Female,11.217.170.238
366,Analise,Aronowitz,aaronowitza5@so-net.ne.jp,Female,185.167.37.84
367,Laurent,Corkan,lcorkana6@e-recht24.de,Male,229.70.146.178
368,Annissa,Foskew,afoskewa7@ifeng.com,Female,130.102.188.230
369,Osgood,Joao,ojoaoa8@illinois.edu,Male,46.138.73.154
370,Harmony,Tacker,htackera9@example.com,Female,125.156.205.23
371,Victoir,Tax,vtaxaa@scientificamerican.com,Male,138.238.227.99
372,Lorie,Pol,lpolab@slashdot.org,Female,111.57.98.158
373,Colin,Struys,cstruysac@netscape.com,Male,72.1.233.168
374,Clark,Branca,cbrancaad@deliciousdays.com,Male,137.175.176.20
375,Laura,Clayworth,lclayworthae@i2i.jp,Female,225.15.194.160
376,Del,Belverstone,dbelverstoneaf@bbc.co.uk,Male,121.158.42.184
377,Alonso,Struis,astruisag@globo.com,Male,205.185.130.250
378,Eustacia,Chicotti,echicottiah@seattletimes.com,Female,110.167.3.98
379,Aubert,Jantet,ajantetai@guardian.co.uk,Male,58.140.43.180
380,Dianne,Godson,dgodsonaj@ovh.net,Female,87.29.172.217
381,Prince,Neat,pneatak@etsy.com,Male,230.13.245.130
382,Napoleon,Dyshart,ndyshartal@live.com,Male,40.171.150.143
383,Prescott,Ashington,pashingtonam@issuu.com,Male,254.167.98.5
384,Leonard,Hallor,lhalloran@slideshare.net,Male,127.152.3.31
385,Zebedee,Medina,zmedinaao@yellowbook.com,Male,124.52.96.131
386,Jerry,Gregorin,jgregorinap@homestead.com,Female,253.86.26.232
387,Bearnard,Pinshon,bpinshonaq@noaa.gov,Male,84.236.45.90
388,Casey,Yeskin,cyeskinar@etsy.com,Male,116.110.64.96
389,Hakim,Coddrington,hcoddringtonas@digg.com,Male,94.208.245.112
390,Wyatt,Stoyle,wstoyleat@msn.com,Male,38.176.54.34
391,Gerome,Wardrop,gwardropau@g.co,Male,41.36.125.174
392,Page,Grimsey,pgrimseyav@about.com,Male,213.34.21.207
393,Ula,Rofe,urofeaw@rediff.com,Female,161.234.134.247
394,Horatius,Tenbrug,htenbrugax@state.gov,Male,165.40.67.89
395,Maggi,Nary,mnaryay@eventbrite.com,Female,238.6.183.241
396,Bran,Kubasiewicz,bkubasiewiczaz@skype.com,Male,61.47.219.67
397,Chrissie,Stopp,cstoppb0@studiopress.com,Male,36.8.208.197
398,Marilin,Talman,mtalmanb1@google.de,Female,64.50.54.119
399,Mariana,Stuck,mstuckb2@jiathis.com,Female,178.209.131.91
400,Verge,Tampin,vtampinb3@google.ru,Male,233.70.23.49
401,Nikolas,Ruffler,nrufflerb4@51.la,Male,58.174.197.123
402,Marjie,Cawston,mcawstonb5@lycos.com,Female,180.11.254.230
403,Melisandra,Puddephatt,mpuddephattb6@ustream.tv,Female,237.101.3.59
404,Renell,Di Biagi,rdibiagib7@smugmug.com,Female,172.189.226.9
405,Linette,Leinthall,lleinthallb8@arstechnica.com,Female,104.67.248.25
406,Berti,McInnes,bmcinnesb9@japanpost.jp,Male,40.53.37.146
407,Jereme,Wrinch,jwrinchba@hexun.com,Male,129.246.176.9
408,Herman,Orhrt,horhrtbb@theguardian.com,Male,90.236.67.196
409,Cary,Wallworke,cwallworkebc@shareasale.com,Female,157.78.20.246
410,Lauritz,Duker,ldukerbd@ted.com,Male,108.172.10.91
411,Karalynn,Lissandre,klissandrebe@e-recht24.de,Female,56.73.132.177
412,Archer,Ketts,akettsbf@gizmodo.com,Male,44.209.125.125
413,Starla,Kersey,skerseybg@nbcnews.com,Female,227.165.124.162
414,Kerrin,Sutherel,ksutherelbh@theatlantic.com,Female,245.233.80.112
415,Lainey,Antonoczyk,lantonoczykbi@gnu.org,Female,153.197.190.114
416,Charla,Bayles,cbaylesbj@cargocollective.com,Female,141.71.98.64
417,Fons,Bendixen,fbendixenbk@uiuc.edu,Male,233.21.149.234
418,Celesta,Stolz,cstolzbl@europa.eu,Female,50.227.231.124
419,Norby,Picard,npicardbm@accuweather.com,Male,106.76.147.171
420,Herve,Dunsmuir,hdunsmuirbn@blogspot.com,Male,161.179.113.201
421,Kalle,Dimitrov,kdimitrovbo@army.mil,Male,119.87.186.152
422,Raquel,Cund,rcundbp@4shared.com,Female,113.163.111.240
423,Lynea,Looks,llooksbq@wsj.com,Female,21.225.76.14
424,Laurent,O'Downe,lodownebr@europa.eu,Male,237.70.28.116
425,Montague,Maynard,mmaynardbs@smh.com.au,Male,186.3.234.115
426,Broddie,MacAloren,bmacalorenbt@prweb.com,Male,99.186.178.236
427,Sansone,Janousek,sjanousekbu@tamu.edu,Male,85.198.105.160
428,Happy,Chesshyre,hchesshyrebv@newyorker.com,Female,27.118.110.232
429,Gertie,Koopman,gkoopmanbw@cdc.gov,Female,130.212.6.107
430,Roch,Kivlin,rkivlinbx@seesaa.net,Female,251.227.136.225
431,Jesselyn,Lapre,jlapreby@ox.ac.uk,Female,61.252.196.193
432,Augusto,Kobes,akobesbz@tinyurl.com,Male,76.179.239.78
433,Leesa,Brundall,lbrundallc0@hao123.com,Female,73.155.186.213
434,Ranique,Schimke,rschimkec1@imgur.com,Female,62.235.87.36
435,Minni,Pinxton,mpinxtonc2@goo.ne.jp,Female,213.213.223.99
436,Rainer,Orwell,rorwellc3@marketwatch.com,Male,49.11.223.6
437,Paulie,Domenc,pdomencc4@cdbaby.com,Female,193.114.54.234
438,Charmian,Loachhead,cloachheadc5@blog.com,Female,227.4.175.119
439,Jacinta,Beaumont,jbeaumontc6@prnewswire.com,Female,86.206.89.134
440,Lem,Andrzejewski,landrzejewskic7@privacy.gov.au,Male,130.113.87.129
441,Mariel,Fallow,mfallowc8@soup.io,Female,243.197.72.49
442,Allan,Weedon,aweedonc9@google.de,Male,9.252.9.254
443,Corrinne,Coutthart,ccoutthartca@patch.com,Female,63.227.126.171
444,Stefania,Vaughton,svaughtoncb@ebay.co.uk,Female,243.69.135.112
445,Lenna,Siddaley,lsiddaleycc@army.mil,Female,218.148.234.104
446,Libbey,Malden,lmaldencd@delicious.com,Female,166.59.91.38
447,Melinde,Blethin,mblethince@angelfire.com,Female,246.122.133.204
448,Andriana,Skinner,askinnercf@accuweather.com,Female,166.191.68.162
449,Nahum,McCaughey,nmccaugheycg@wunderground.com,Male,240.251.242.171
450,Mame,Cranfield,mcranfieldch@google.nl,Female,135.210.25.62
451,Viviene,Klauer,vklauerci@columbia.edu,Female,138.103.123.208
452,Alwin,Le Provest,aleprovestcj@bizjournals.com,Male,163.188.93.62
453,Mattie,Pellitt,mpellittck@addtoany.com,Male,50.166.193.217
454,Helen-elizabeth,Wynes,hwynescl@si.edu,Female,140.213.101.180
455,Saxe,Bearcroft,sbearcroftcm@princeton.edu,Male,215.62.84.196
456,Flemming,Hay,fhaycn@apple.com,Male,159.26.8.183
457,North,Presser,npresserco@spotify.com,Male,87.156.192.216
458,Farand,Hagston,fhagstoncp@facebook.com,Female,123.15.192.201
459,Alvie,Burl,aburlcq@ycombinator.com,Male,24.244.112.217
460,Tedra,McMillian,tmcmilliancr@yellowpages.com,Female,131.254.135.211
461,Thomasin,Bladge,tbladgecs@aboutads.info,Female,223.144.55.11
462,Antonius,Babonau,ababonauct@google.cn,Male,45.177.213.123
463,Melodie,Cattermoul,mcattermoulcu@cam.ac.uk,Female,246.156.117.63
464,Keslie,Westbury,kwestburycv@comcast.net,Female,168.213.44.252
465,Sibel,Wareham,swarehamcw@blinklist.com,Female,201.5.129.186
466,Andrus,Hamlett,ahamlettcx@yahoo.co.jp,Male,116.9.136.140
467,Caitrin,Reye,creyecy@wikispaces.com,Female,164.115.122.110
468,Al,Windress,awindresscz@sakura.ne.jp,Male,236.209.132.204
469,Carney,Neising,cneisingd0@rakuten.co.jp,Male,44.34.195.232
470,Rodd,Goodbanne,rgoodbanned1@blogger.com,Male,230.146.74.164
471,Abbe,Riddiough,ariddioughd2@list-manage.com,Female,177.212.141.173
472,Willem,Chaundy,wchaundyd3@booking.com,Male,186.141.140.175
473,Wendell,Bowkley,wbowkleyd4@freewebs.com,Male,0.237.46.75
474,Caz,Sprake,cspraked5@earthlink.net,Male,7.24.100.244
475,Sigismundo,Garbutt,sgarbuttd6@admin.ch,Male,209.52.72.98
476,Dolley,Bearblock,dbearblockd7@rambler.ru,Female,98.231.148.55
477,Dyanna,Jimson,djimsond8@vinaora.com,Female,98.65.71.125
478,Merrilee,Branca,mbrancad9@engadget.com,Female,30.12.233.168
479,Gery,Dy,gdyda@ca.gov,Male,250.53.254.141
480,Alberta,Lawles,alawlesdb@ezinearticles.com,Female,63.168.140.148
481,Karlan,Edwins,kedwinsdc@blog.com,Male,230.224.127.250
482,Lottie,Bodiam,lbodiamdd@surveymonkey.com,Female,84.250.82.25
483,Morganica,Hellin,mhellinde@jalbum.net,Female,164.103.186.55
484,Ebony,Noni,enonidf@cnet.com,Female,156.27.52.159
485,Bondy,Champneys,bchampneysdg@issuu.com,Male,226.90.9.215
486,Dita,Hollow,dhollowdh@stanford.edu,Female,128.61.173.237
487,Biddie,Garlick,bgarlickdi@usatoday.com,Female,100.160.83.36
488,Juan,Dobrovolski,jdobrovolskidj@gov.uk,Male,11.100.85.77
489,Martyn,Gross,mgrossdk@xrea.com,Male,166.97.226.61
490,Joelle,Peasee,jpeaseedl@csmonitor.com,Female,243.168.128.181
491,Corrine,Mateos,cmateosdm@miibeian.gov.cn,Female,59.197.182.215
492,Taber,McConachie,tmcconachiedn@weebly.com,Male,253.131.50.208
493,Jsandye,Merrikin,jmerrikindo@yale.edu,Female,232.240.244.102
494,Vi,Turville,vturvilledp@amazon.com,Female,151.58.59.14
495,Ardath,Giffen,agiffendq@sbwire.com,Female,152.238.209.234
496,Jerrold,Arrighini,jarrighinidr@yale.edu,Male,106.148.32.94
497,Adan,McCumesky,amccumeskyds@weibo.com,Male,144.191.154.182
498,Welch,Peddersen,wpeddersendt@oaic.gov.au,Male,103.111.194.223
499,Dennie,Male,dmaledu@sitemeter.com,Female,164.190.155.220
500,Kennie,Gildersleaves,kgildersleavesdv@lulu.com,Male,78.130.34.80
501,Shantee,Mannooch,smannoochdw@flickr.com,Female,8.177.214.65
502,Kellen,Bompass,kbompassdx@amazon.de,Male,197.117.11.122
503,Heindrick,Barfford,hbarfforddy@google.it,Male,231.86.69.214
504,Tedda,Tideswell,ttideswelldz@oaic.gov.au,Female,236.172.12.57
505,Wilek,Dinsale,wdinsalee0@github.io,Male,33.51.24.32
506,Stanly,Naseby,snasebye1@blogtalkradio.com,Male,158.230.123.151
507,Doria,Kells,dkellse2@elpais.com,Female,165.165.6.229
508,Agnola,Gierok,agieroke3@bigcartel.com,Female,233.118.142.10
509,Kelly,Brisard,kbrisarde4@usatoday.com,Male,115.161.220.216
510,Luci,Danielsohn,ldanielsohne5@patch.com,Female,246.167.243.107
511,Ad,McGuane,amcguanee6@cnbc.com,Male,222.155.139.130
512,Gunar,Kesteven,gkestevene7@noaa.gov,Male,136.46.43.4
513,Cicily,Middis,cmiddise8@indiatimes.com,Female,110.174.91.150
514,Frieda,Britner,fbritnere9@xinhuanet.com,Female,56.159.187.132
515,Bruis,Romand,bromandea@xing.com,Male,122.106.104.123
516,Spense,Assard,sassardeb@4shared.com,Male,198.19.210.226
517,Dudley,Chimenti,dchimentiec@virginia.edu,Male,94.153.72.19
518,Tom,Acutt,tacutted@huffingtonpost.com,Male,4.119.85.62
519,Birgit,Stratiff,bstratiffee@patch.com,Female,73.45.38.247
520,Stacey,Wilflinger,swilflingeref@opensource.org,Female,220.132.208.66
521,Eugenio,Kain,ekaineg@hatena.ne.jp,Male,32.193.150.141
522,Libbie,Chiswell,lchiswelleh@acquirethisname.com,Female,12.158.215.118
523,Caresa,Chaffe,cchaffeei@opensource.org,Female,14.46.150.223
524,Gaile,Springtorp,gspringtorpej@simplemachines.org,Male,162.226.206.186
525,Rafi,Meir,rmeirek@etsy.com,Male,176.73.125.135
526,Guntar,Halton,ghaltonel@google.com,Male,88.0.43.128
527,Austin,Jori,ajoriem@ed.gov,Female,0.122.253.61
528,Basilio,Kenzie,bkenzieen@yale.edu,Male,39.153.17.189
529,Garvin,Renneke,grennekeeo@gravatar.com,Male,52.214.20.112
530,Minette,Cowperthwaite,mcowperthwaiteep@tuttocitta.it,Female,4.55.120.172
531,Walt,Rennebach,wrennebacheq@etsy.com,Male,86.134.34.151
532,Avram,Knappe,aknappeer@blogs.com,Male,104.239.78.242
533,Billie,Ceillier,bceillieres@google.com,Female,86.11.240.236
534,Allan,Sabattier,asabattieret@linkedin.com,Male,64.61.198.181
535,Ase,Tothacot,atothacoteu@toplist.cz,Male,4.2.130.231
536,Roana,Furness,rfurnessev@hubpages.com,Female,149.105.81.143
537,Griffie,Spaughton,gspaughtonew@quantcast.com,Male,154.176.196.16
538,Aloise,Le Hucquet,alehucquetex@ox.ac.uk,Female,0.83.126.113
539,Ingemar,Penticost,ipenticostey@vimeo.com,Male,37.29.19.182
540,Lesley,Dunwoody,ldunwoodyez@barnesandnoble.com,Male,19.22.244.42
541,Honoria,Bellee,hbelleef0@eventbrite.com,Female,175.36.239.254
542,Wilie,McGrane,wmcgranef1@ycombinator.com,Female,183.88.35.14
543,Marni,Clarkson,mclarksonf2@vimeo.com,Female,50.179.70.177
544,Mendy,Calken,mcalkenf3@omniture.com,Male,166.80.97.99
545,Emmott,Aguilar,eaguilarf4@wisc.edu,Male,172.145.174.126
546,Ulric,Colliford,ucollifordf5@howstuffworks.com,Male,5.51.116.144
547,Gabrielle,Mordon,gmordonf6@infoseek.co.jp,Female,58.134.52.93
548,Jordon,Bussel,jbusself7@51.la,Male,3.193.229.7
549,Shana,Phettiplace,sphettiplacef8@weather.com,Female,20.125.229.24
550,Allison,Wallenger,awallengerf9@youku.com,Female,224.129.244.210
551,Tabitha,Viney,tvineyfa@twitter.com,Female,58.66.146.75
552,Berry,Ingrem,bingremfb@topsy.com,Female,231.203.250.139
553,Giulio,Moatt,gmoattfc@photobucket.com,Male,153.116.2.32
554,Thane,Seedull,tseedullfd@phpbb.com,Male,102.172.197.37
555,Phyllis,Enochsson,penochssonfe@slate.com,Female,18.198.42.187
556,Luciana,Noriega,lnoriegaff@simplemachines.org,Female,80.217.142.181
557,Tucker,Galle,tgallefg@surveymonkey.com,Male,240.163.58.140
558,Whitman,Getsham,wgetshamfh@123-reg.co.uk,Male,255.80.208.100
559,Erminia,Perrat,eperratfi@guardian.co.uk,Female,158.7.50.218
560,Shayne,Duffield,sduffieldfj@yale.edu,Male,44.240.252.147
561,Birgit,Bruin,bbruinfk@woothemes.com,Female,37.35.22.134
562,Delinda,Zapata,dzapatafl@oracle.com,Female,110.28.227.28
563,Retha,Drinkhall,rdrinkhallfm@google.com.hk,Female,147.236.96.71
564,Ali,Clarson,aclarsonfn@feedburner.com,Male,7.43.153.29
565,Jillene,Spanswick,jspanswickfo@nasa.gov,Female,97.6.208.56
566,Catlin,Gilyott,cgilyottfp@livejournal.com,Female,169.231.240.95
567,Erminie,McGall,emcgallfq@google.es,Female,71.24.229.54
568,Melitta,Dunston,mdunstonfr@goo.ne.jp,Female,59.229.80.216
569,Thacher,Dybald,tdybaldfs@ucla.edu,Male,53.245.65.12
570,Tiertza,Tall,ttallft@webeden.co.uk,Female,19.240.183.217
571,Monti,Heinrici,mheinricifu@java.com,Male,145.201.212.172
572,Ignacio,James,ijamesfv@google.pl,Male,149.43.237.44
573,Giorgi,Rollinson,grollinsonfw@istockphoto.com,Male,40.132.130.21
574,Ernest,Pilmer,epilmerfx@senate.gov,Male,11.175.34.111
575,Dalis,Ciccotto,dciccottofy@cpanel.net,Male,30.32.120.43
576,Dino,Coon,dcoonfz@mapy.cz,Male,87.50.173.129
577,Gracie,Mioni,gmionig0@drupal.org,Female,166.111.230.70
578,Merrile,Fedorchenko,mfedorchenkog1@topsy.com,Female,50.135.149.174
579,Agatha,Baulch,abaulchg2@ning.com,Female,57.11.207.198
580,Pier,Iwanczyk,piwanczykg3@sciencedaily.com,Female,216.116.151.23
581,Manya,Nevet,mnevetg4@fc2.com,Female,206.159.154.227
582,Vanya,Kiwitz,vkiwitzg5@nature.com,Male,143.52.83.65
583,Myrvyn,Cauderlie,mcauderlieg6@irs.gov,Male,39.227.73.60
584,Meir,Emslie,memslieg7@globo.com,Male,124.52.15.123
585,Corney,Whittock,cwhittockg8@twitpic.com,Male,170.22.54.225
586,Westbrooke,Vayne,wvayneg9@bigcartel.com,Male,221.205.169.10
587,Gilligan,Gavaghan,ggavaghanga@discuz.net,Female,12.144.156.15
588,Cloris,Thrasher,cthrashergb@sohu.com,Female,90.229.75.180
589,Jens,Lawie,jlawiegc@discovery.com,Male,242.74.23.60
590,Thebault,Eckart,teckartgd@ehow.com,Male,177.61.138.86
591,Madelle,Leaman,mleamange@google.it,Female,73.243.63.15
592,Sabra,Puve,spuvegf@slashdot.org,Female,162.158.46.103
593,Wolfgang,Powdrill,wpowdrillgg@ning.com,Male,2.144.156.132
594,Franny,Crellin,fcrellingh@ebay.com,Male,157.6.143.251
595,Mick,Scoble,mscoblegi@dailymail.co.uk,Male,4.6.244.204
596,Jamima,Dolley,jdolleygj@theglobeandmail.com,Female,218.116.233.181
597,Opal,Choat,ochoatgk@newsvine.com,Female,145.247.173.46
598,Mariele,Cookney,mcookneygl@mayoclinic.com,Female,251.152.98.103
599,Cynthie,Andreasson,candreassongm@e-recht24.de,Female,15.204.206.86
600,Travis,Jelk,tjelkgn@whitehouse.gov,Male,54.160.215.141
601,Jefferey,Mungan,jmungango@shinystat.com,Male,70.164.24.3
602,Clare,Murkin,cmurkingp@bloglines.com,Male,217.124.133.18
603,Vinni,Spennock,vspennockgq@miitbeian.gov.cn,Female,210.156.223.163
604,Ilene,Hampstead,ihampsteadgr@marketwatch.com,Female,199.38.179.88
605,Mikel,Elmer,melmergs@java.com,Male,219.196.75.103
606,Viviyan,Mushawe,vmushawegt@nifty.com,Female,255.9.30.151
607,Yvette,Josifovic,yjosifovicgu@instagram.com,Female,152.35.192.168
608,Emelyne,Branscomb,ebranscombgv@friendfeed.com,Female,3.161.15.52
609,Adrien,Enderson,aendersongw@wix.com,Male,21.7.189.116
610,Loralyn,Olfert,lolfertgx@dropbox.com,Female,133.100.1.183
611,Branden,Brecken,bbreckengy@friendfeed.com,Male,186.142.31.196
612,Nessi,MacManus,nmacmanusgz@biblegateway.com,Female,74.107.14.77
613,Ody,Sargison,osargisonh0@jimdo.com,Male,181.114.89.254
614,Teodoor,Camber,tcamberh1@reverbnation.com,Male,95.172.32.20
615,Paulette,Jermyn,pjermynh2@army.mil,Female,69.144.140.253
616,Lisbeth,Alexis,lalexish3@bigcartel.com,Female,96.122.221.7
617,Arnuad,Cod,acodh4@discovery.com,Male,79.64.1.75
618,Derrick,Dabels,ddabelsh5@prlog.org,Male,109.30.187.209
619,Maryjane,Guterson,mgutersonh6@deviantart.com,Female,186.133.254.211
620,Mirelle,Frenzl,mfrenzlh7@123-reg.co.uk,Female,34.199.87.215
621,Shea,Cuerdall,scuerdallh8@tamu.edu,Male,125.122.97.73
622,Bailie,Wedlock,bwedlockh9@mapquest.com,Male,2.70.244.197
623,Zackariah,Hoggetts,zhoggettsha@squidoo.com,Male,98.171.11.108
624,Eleanore,Lingard,elingardhb@wordpress.com,Female,150.165.76.201
625,Laurel,Ruf,lrufhc@flickr.com,Female,222.197.151.68
626,Mable,Lockey,mlockeyhd@networkadvertising.org,Female,93.103.209.82
627,Niki,Hawgood,nhawgoodhe@lulu.com,Female,7.77.169.32
628,Agnella,Chorley,achorleyhf@ucoz.ru,Female,166.119.171.147
629,Gabriellia,Dunton,gduntonhg@nymag.com,Female,154.107.3.232
630,Sid,Drover,sdroverhh@de.vu,Male,67.218.204.29
631,Chandler,Beardmore,cbeardmorehi@hexun.com,Male,241.132.250.24
632,Preston,Daouze,pdaouzehj@cmu.edu,Male,75.0.231.34
633,Shannen,Abarough,sabaroughhk@google.nl,Female,3.69.54.92
634,Clovis,Brion,cbrionhl@flickr.com,Female,23.27.237.47
635,Vin,Scrannage,vscrannagehm@networkadvertising.org,Male,189.78.194.74
636,Codie,Picken,cpickenhn@umich.edu,Female,163.156.96.185
637,Garnette,Larcher,glarcherho@bloglovin.com,Female,92.14.16.82
638,Evin,Harfoot,eharfoothp@bing.com,Male,40.121.138.0
639,Ambrose,Pulster,apulsterhq@twitter.com,Male,179.121.84.17
640,Mahala,McClenaghan,mmcclenaghanhr@seesaa.net,Female,229.241.222.156
641,Mella,Febry,mfebryhs@prweb.com,Female,148.246.238.170
642,Cora,Ormond,cormondht@wikipedia.org,Female,151.240.57.128
643,Marijn,Snasel,msnaselhu@phpbb.com,Male,56.238.68.52
644,Emanuele,Guilford,eguilfordhv@aol.com,Male,44.0.2.75
645,Bren,Izakof,bizakofhw@ox.ac.uk,Female,74.48.11.249
646,Taber,Brend,tbrendhx@berkeley.edu,Male,251.49.9.235
647,Ancell,Lishmund,alishmundhy@umn.edu,Male,132.36.254.229
648,Polly,Izhak,pizhakhz@amazon.co.jp,Female,206.214.217.92
649,Lemmie,Weagener,lweageneri0@cloudflare.com,Male,103.0.3.237
650,Ave,Glendenning,aglendenningi1@wiley.com,Male,239.224.245.74
651,Natka,Blonden,nblondeni2@trellian.com,Female,122.63.14.49
652,Galina,Housiaux,ghousiauxi3@guardian.co.uk,Female,97.174.226.142
653,Winny,Van der Baaren,wvanderbaareni4@whitehouse.gov,Male,217.85.17.162
654,Hilde,Caspell,hcaspelli5@ted.com,Female,219.32.181.43
655,Renee,Matchett,rmatchetti6@lulu.com,Female,198.205.181.216
656,Conny,Brighouse,cbrighousei7@studiopress.com,Female,109.95.80.13
657,Ajay,Phinnessy,aphinnessyi8@ed.gov,Female,101.47.144.120
658,Charmaine,Soppeth,csoppethi9@nationalgeographic.com,Female,53.207.214.35
659,Leticia,O'Brogan,lobrogania@wikimedia.org,Female,238.162.90.43
660,Arabella,Tweddle,atweddleib@cbc.ca,Female,110.183.63.14
661,Ollie,Bramham,obramhamic@wikispaces.com,Female,250.38.23.255
662,Andreas,Briddle,abriddleid@deviantart.com,Male,159.82.52.128
663,Vivie,Abazi,vabaziie@amazon.de,Female,174.79.205.103
664,Kirbee,Mayte,kmayteif@altervista.org,Female,182.81.179.214
665,Suzy,Davenell,sdavenellig@wikipedia.org,Female,152.64.163.39
666,Thorvald,Grewcock,tgrewcockih@theatlantic.com,Male,118.111.134.213
667,Gill,Wrightham,gwrighthamii@aol.com,Female,40.75.183.238
668,Casper,Newarte,cnewarteij@homestead.com,Male,62.93.132.113
669,Kelila,Vernham,kvernhamik@comcast.net,Female,61.40.147.196
670,Reuben,Allright,rallrightil@nifty.com,Male,123.73.217.161
671,Gordon,Tweed,gtweedim@gov.uk,Male,248.217.182.84
672,Lorianna,Snepp,lsneppin@biblegateway.com,Female,180.177.28.29
673,Austin,Qualtrough,aqualtroughio@meetup.com,Female,252.219.102.150
674,Richy,Rafferty,rraffertyip@prweb.com,Male,106.188.32.31
675,Doy,Akeherst,dakeherstiq@studiopress.com,Male,76.13.222.171
676,Emmye,Olver,eolverir@feedburner.com,Female,210.254.67.194
677,Dal,Geroldi,dgeroldiis@springer.com,Male,223.145.15.21
678,Douglass,Phidgin,dphidginit@amazon.co.jp,Male,157.226.150.135
679,Xylia,Bernath,xbernathiu@alibaba.com,Female,101.210.110.86
680,Brendon,Piddlesden,bpiddlesdeniv@webs.com,Male,79.247.98.143
681,Ruperto,Amor,ramoriw@marriott.com,Male,240.7.147.157
682,Teressa,Olivetta,tolivettaix@wp.com,Female,195.66.16.182
683,Darrelle,Spoole,dspooleiy@comsenz.com,Female,80.137.241.84
684,Hobey,Verlander,hverlanderiz@ehow.com,Male,110.76.114.164
685,Kim,Fauguel,kfauguelj0@hud.gov,Female,51.248.56.226
686,Elwira,Preene,epreenej1@webs.com,Female,81.6.69.206
687,Pammy,Yoell,pyoellj2@unc.edu,Female,87.133.119.109
688,Lonny,Frisel,lfriselj3@cloudflare.com,Male,182.180.238.95
689,Lyndy,Harpham,lharphamj4@ftc.gov,Female,245.231.62.184
690,Abelard,Batie,abatiej5@shop-pro.jp,Male,51.233.121.210
691,Sandor,Nisbet,snisbetj6@purevolume.com,Male,39.25.249.136
692,Elia,Riddall,eriddallj7@xing.com,Male,91.173.252.11
693,Hadria,Elintune,helintunej8@omniture.com,Female,130.221.249.128
694,Grazia,Cutts,gcuttsj9@gizmodo.com,Female,211.52.56.41
695,Allissa,Heakins,aheakinsja@csmonitor.com,Female,180.203.65.125
696,Marion,Butterwick,mbutterwickjb@netlog.com,Female,76.140.158.231
697,Margarette,Leveridge,mleveridgejc@wp.com,Female,148.54.222.74
698,Gloria,Gliddon,ggliddonjd@ft.com,Female,45.151.94.130
699,Boony,Figgins,bfigginsje@studiopress.com,Male,201.192.76.156
700,Vivyan,Braund,vbraundjf@bing.com,Female,102.9.149.246
701,Antoinette,Runge,arungejg@cisco.com,Female,211.107.142.64
702,Steven,Keay,skeayjh@harvard.edu,Male,156.158.145.188
703,Margot,Sabati,msabatiji@nature.com,Female,8.228.252.11
704,Kurtis,Sandford,ksandfordjj@imageshack.us,Male,25.174.253.12
705,Loree,Smedmore,lsmedmorejk@flickr.com,Female,52.206.80.197
706,Molly,Wyke,mwykejl@eepurl.com,Female,95.125.253.69
707,Maurie,Sharpus,msharpusjm@plala.or.jp,Male,196.11.2.5
708,Hussein,Abramson,habramsonjn@amazonaws.com,Male,65.201.218.216
709,Johannah,Edmunds,jedmundsjo@usgs.gov,Female,72.231.140.148
710,Nilson,Walder,nwalderjp@sohu.com,Male,81.183.21.255
711,Hillary,Hedylstone,hhedylstonejq@spotify.com,Female,64.213.71.140
712,Giana,De Bischop,gdebischopjr@indiatimes.com,Female,153.47.153.24
713,Tamra,Scarff,tscarffjs@dmoz.org,Female,177.10.217.68
714,Vittoria,Hattoe,vhattoejt@pcworld.com,Female,94.10.167.185
715,Carr,Colly,ccollyju@nbcnews.com,Male,128.198.201.192
716,Raphaela,Rosle,rroslejv@slashdot.org,Female,42.244.73.130
717,Turner,Pughe,tpughejw@pbs.org,Male,116.204.212.41
718,Gustie,Pett,gpettjx@youtu.be,Female,200.215.114.28
719,Janelle,Huxter,jhuxterjy@nih.gov,Female,227.240.100.1
720,Andre,Abrashkin,aabrashkinjz@latimes.com,Male,19.252.241.170
721,Horace,Grzesiewicz,hgrzesiewiczk0@epa.gov,Male,12.235.223.78
722,Rockie,Streetfield,rstreetfieldk1@unc.edu,Male,171.26.215.182
723,Mallorie,Cristoferi,mcristoferik2@surveymonkey.com,Female,153.203.22.59
724,Warden,Studdard,wstuddardk3@theatlantic.com,Male,237.140.180.87
725,Ewan,Spargo,espargok4@aol.com,Male,74.115.63.141
726,Vanya,Doggett,vdoggettk5@ted.com,Male,12.118.92.130
727,Hedwiga,Gianinotti,hgianinottik6@privacy.gov.au,Female,224.37.40.214
728,Alphonse,Cansdale,acansdalek7@digg.com,Male,130.84.27.112
729,Baron,Reditt,bredittk8@sourceforge.net,Male,170.8.81.52
730,Gannon,Purcer,gpurcerk9@ted.com,Male,199.47.24.229
731,Holmes,Cobleigh,hcobleighka@unicef.org,Male,251.100.247.103
732,Eal,Cardno,ecardnokb@chronoengine.com,Male,240.121.134.225
733,Ayn,Radley,aradleykc@hatena.ne.jp,Female,110.201.3.7
734,Clara,Fortnon,cfortnonkd@stanford.edu,Female,154.110.118.158
735,Dannie,Chese,dcheseke@va.gov,Female,61.217.195.153
736,Nonnah,Illyes,nillyeskf@admin.ch,Female,71.246.38.39
737,Pascal,McLaine,pmclainekg@epa.gov,Male,194.127.188.150
738,Coreen,Dibley,cdibleykh@cbsnews.com,Female,165.233.0.128
739,Dolores,Towriss,dtowrisski@eepurl.com,Female,51.153.80.141
740,Gunar,Bonde,gbondekj@constantcontact.com,Male,127.68.9.224
741,Murial,Stang-Gjertsen,mstanggjertsenkk@pinterest.com,Female,54.136.3.159
742,Oates,Galler,ogallerkl@tumblr.com,Male,248.174.108.170
743,Marwin,Carlisle,mcarlislekm@loc.gov,Male,73.42.178.250
744,Gibb,Gee,ggeekn@oracle.com,Male,174.122.255.185
745,Keelby,Boffin,kboffinko@nationalgeographic.com,Male,111.31.58.219
746,Perri,Cooper,pcooperkp@infoseek.co.jp,Female,224.87.233.178
747,Hilly,Lecordier,hlecordierkq@hp.com,Male,230.69.223.144
748,Doti,Pouton,dpoutonkr@dyndns.org,Female,169.55.170.233
749,Maison,Reignolds,mreignoldsks@earthlink.net,Male,127.37.37.164
750,Romona,Esley,resleykt@google.co.uk,Female,92.80.210.150
751,Celinda,Critoph,ccritophku@house.gov,Female,176.2.46.8
752,Glennis,Henrych,ghenrychkv@creativecommons.org,Female,235.51.118.218
753,Andris,Szymanzyk,aszymanzykkw@ifeng.com,Male,63.91.112.14
754,Anthe,Linsay,alinsaykx@dedecms.com,Female,107.199.238.152
755,Klement,Padden,kpaddenky@opensource.org,Male,179.211.187.3
756,Zeb,Roon,zroonkz@trellian.com,Male,204.189.95.26
757,Tucky,Godly,tgodlyl0@mac.com,Male,204.58.14.94
758,Brittaney,Grierson,bgriersonl1@oracle.com,Female,168.144.64.148
759,Berrie,Mugglestone,bmugglestonel2@hc360.com,Female,215.56.63.170
760,Tucker,Chalfain,tchalfainl3@house.gov,Male,51.242.209.219
761,Lem,Sapauton,lsapautonl4@auda.org.au,Male,107.103.179.82
762,Gilberta,Trousdale,gtrousdalel5@nps.gov,Female,204.109.147.161
763,Ninetta,Crossman,ncrossmanl6@squidoo.com,Female,206.230.178.76
764,Bradly,Woollin,bwoollinl7@godaddy.com,Male,198.181.151.123
765,Cecilio,Hannah,channahl8@squidoo.com,Male,139.114.250.89
766,Cherish,Glandon,cglandonl9@51.la,Female,34.196.221.214
767,Vickie,Ramard,vramardla@paypal.com,Female,232.159.121.137
768,Rosalinda,Isherwood,risherwoodlb@opensource.org,Female,167.48.6.65
769,Kristine,Arnow,karnowlc@acquirethisname.com,Female,237.193.89.74
770,Wallace,Hitscher,whitscherld@salon.com,Male,25.172.213.8
771,Joaquin,Henkens,jhenkensle@timesonline.co.uk,Male,72.90.16.246
772,Grady,Aspenlon,gaspenlonlf@smugmug.com,Male,7.173.231.100
773,Lydie,Deards,ldeardslg@mapy.cz,Female,234.72.120.145
774,Bert,Coen,bcoenlh@cargocollective.com,Male,72.130.212.244
775,Meyer,Waber,mwaberli@elegantthemes.com,Male,75.187.173.51
776,Maura,Durbin,mdurbinlj@google.ru,Female,107.225.221.163
777,Jessa,Dutt,jduttlk@alexa.com,Female,29.67.44.132
778,Creigh,Colafate,ccolafatell@xrea.com,Male,247.181.16.179
779,Goddart,Jurgen,gjurgenlm@digg.com,Male,151.128.31.23
780,Chevy,Busch,cbuschln@dedecms.com,Male,175.236.228.78
781,Vickie,Luciano,vlucianolo@over-blog.com,Female,24.228.150.138
782,Ingamar,Finlayson,ifinlaysonlp@histats.com,Male,64.18.78.97
783,Shandee,Ayce,saycelq@harvard.edu,Female,211.153.200.240
784,Karoly,Tiddy,ktiddylr@creativecommons.org,Female,15.54.211.245
785,Andria,Warby,awarbyls@webmd.com,Female,253.129.199.203
786,Daryn,Verna,dvernalt@sogou.com,Female,21.84.101.204
787,Esta,Millyard,emillyardlu@si.edu,Female,121.251.135.16
788,Hermie,Gehrels,hgehrelslv@so-net.ne.jp,Male,14.172.137.245
789,Lib,Boncoeur,lboncoeurlw@ihg.com,Female,70.116.251.12
790,Boot,Hamnet,bhamnetlx@google.ca,Male,83.244.154.231
791,Grady,Ryle,grylely@berkeley.edu,Male,191.40.27.44
792,Gideon,Trewin,gtrewinlz@weibo.com,Male,182.119.255.180
793,Edik,Blazhevich,eblazhevichm0@sakura.ne.jp,Male,190.109.156.10
794,Tiebold,Nickerson,tnickersonm1@mozilla.org,Male,50.148.187.67
795,Luca,Rodinger,lrodingerm2@mit.edu,Male,223.46.156.176
796,Tori,Scholtis,tscholtism3@feedburner.com,Female,110.32.141.203
797,Kerrie,Klimkov,kklimkovm4@seesaa.net,Female,253.42.177.220
798,Elsi,Giacobilio,egiacobiliom5@360.cn,Female,109.253.70.105
799,Barton,Hackin,bhackinm6@economist.com,Male,240.208.200.30
800,Cathleen,Wanek,cwanekm7@zimbio.com,Female,208.150.225.67
801,Tammy,Heugh,theughm8@imageshack.us,Female,44.247.46.146
802,Alysa,Guthrie,aguthriem9@sfgate.com,Female,43.175.247.209
803,Tab,Pimmocke,tpimmockema@army.mil,Male,155.185.236.133
804,Butch,Buske,bbuskemb@imdb.com,Male,229.60.89.229
805,Borden,Pesticcio,bpesticciomc@psu.edu,Male,195.140.22.53
806,Debor,Prise,dprisemd@jugem.jp,Female,169.225.57.132
807,Pryce,Snowling,psnowlingme@ucoz.ru,Male,62.183.87.156
808,Salmon,Provis,sprovismf@taobao.com,Male,46.43.251.237
809,Riva,Migheli,rmighelimg@hao123.com,Female,227.213.36.20
810,Nikolaus,Went,nwentmh@nih.gov,Male,252.198.49.171
811,Gonzales,Rosenauer,grosenauermi@wikipedia.org,Male,25.86.27.176
812,Rory,Beever,rbeevermj@fda.gov,Male,234.210.191.53
813,Bernardine,Zwicker,bzwickermk@ted.com,Female,246.87.249.164
814,Fons,Kohter,fkohterml@hubpages.com,Male,156.207.53.169
815,Audrey,Bilbie,abilbiemm@virginia.edu,Female,159.180.34.128
816,Lenka,Colliss,lcollissmn@disqus.com,Female,58.68.204.39
817,Patrice,Sorby,psorbymo@sfgate.com,Male,206.232.93.55
818,Burk,Decourcy,bdecourcymp@skype.com,Male,3.69.92.89
819,Jessi,Trawin,jtrawinmq@chicagotribune.com,Female,77.140.204.5
820,Reilly,Moppett,rmoppettmr@wp.com,Male,170.195.211.85
821,Salomo,Gallen,sgallenms@linkedin.com,Male,223.150.95.151
822,Rockie,Benitti,rbenittimt@ebay.co.uk,Male,54.95.82.228
823,Che,Tretwell,ctretwellmu@goo.ne.jp,Male,18.38.95.229
824,Ford,Elegood,felegoodmv@com.com,Male,247.70.169.158
825,Petronella,Coulton,pcoultonmw@imageshack.us,Female,164.127.222.158
826,Mead,Coweuppe,mcoweuppemx@craigslist.org,Female,145.119.67.253
827,Fax,Ellingford,fellingfordmy@spiegel.de,Male,223.134.144.142
828,Glenine,Josefowicz,gjosefowiczmz@posterous.com,Female,74.65.57.56
829,Dare,Bexley,dbexleyn0@myspace.com,Male,128.132.53.226
830,Ashil,Addionizio,aaddionizion1@technorati.com,Female,149.50.135.225
831,Jaymie,Burgoine,jburgoinen2@wiley.com,Male,189.47.174.187
832,Cristi,Verna,cvernan3@google.com.au,Female,52.234.202.230
833,Aaron,Lampet,alampetn4@bluehost.com,Male,168.211.15.236
834,Kip,Buddles,kbuddlesn5@theatlantic.com,Female,147.149.44.165
835,Sam,Manuelli,smanuellin6@mediafire.com,Female,239.5.211.77
836,Gerry,Skillanders,gskillandersn7@flavors.me,Male,202.100.252.238
837,Sibbie,Duncombe,sduncomben8@163.com,Female,133.23.151.105
838,Ricardo,Dyer,rdyern9@odnoklassniki.ru,Male,175.246.250.136
839,Benedict,Bourbon,bbourbonna@illinois.edu,Male,208.177.232.198
840,Anette,Piniur,apiniurnb@japanpost.jp,Female,73.96.142.246
841,Bari,Vanacci,bvanaccinc@ucoz.ru,Female,70.187.12.35
842,Sanders,Le Conte,slecontend@buzzfeed.com,Male,75.61.161.177
843,Cloris,Gogan,cgoganne@over-blog.com,Female,57.63.65.180
844,Nobe,Rookledge,nrookledgenf@netlog.com,Male,151.175.253.178
845,Hinze,Burdytt,hburdyttng@thetimes.co.uk,Male,180.151.109.210
846,Jorry,Breawood,jbreawoodnh@uiuc.edu,Female,8.113.187.101
847,Constancy,Gartery,cgarteryni@sina.com.cn,Female,47.14.54.215
848,Zilvia,Matskiv,zmatskivnj@yellowpages.com,Female,113.201.70.103
849,Ame,Peat,apeatnk@yahoo.com,Female,71.255.237.87
850,Ward,Jacobsohn,wjacobsohnnl@google.es,Male,89.236.148.234
851,Teressa,Godfrey,tgodfreynm@hc360.com,Female,144.58.139.70
852,Oriana,Koenen,okoenennn@ovh.net,Female,178.7.250.225
853,Natalie,Uvedale,nuvedaleno@cnet.com,Female,213.204.197.69
854,Marge,Ayllett,mayllettnp@shutterfly.com,Female,114.114.226.235
855,Adelheid,Greenham,agreenhamnq@yellowbook.com,Female,167.141.227.119
856,Inga,Pryer,ipryernr@goo.ne.jp,Female,198.231.100.45
857,Sidonnie,Rentz,srentzns@hubpages.com,Female,107.147.198.60
858,Fanny,Fontelles,ffontellesnt@alexa.com,Female,200.98.169.128
859,Emmalyn,Bediss,ebedissnu@upenn.edu,Female,144.72.49.68
860,Lind,Gorvin,lgorvinnv@canalblog.com,Male,220.209.188.106
861,Barbabra,Kuhne,bkuhnenw@java.com,Female,235.86.244.191
862,Heidi,Joao,hjoaonx@aol.com,Female,200.216.240.212
863,Annelise,Seldon,aseldonny@typepad.com,Female,88.198.74.186
864,Paulie,Arkill,parkillnz@tiny.cc,Male,36.99.236.186
865,Starla,Darrel,sdarrelo0@issuu.com,Female,47.211.66.240
866,Myrlene,Bonsale,mbonsaleo1@cocolog-nifty.com,Female,66.131.3.67
867,Brett,Simonyi,bsimonyio2@so-net.ne.jp,Male,116.168.58.102
868,Bernadette,Shermore,bshermoreo3@intel.com,Female,46.39.241.195
869,Timothy,Kolakowski,tkolakowskio4@reference.com,Male,246.238.242.79
870,Erminie,Bickley,ebickleyo5@creativecommons.org,Female,180.156.85.199
871,Tiertza,Josling,tjoslingo6@merriam-webster.com,Female,181.114.229.133
872,Lorrie,Wane,lwaneo7@barnesandnoble.com,Female,6.141.50.11
873,Richmond,Grollmann,rgrollmanno8@hc360.com,Male,205.54.62.248
874,Sharleen,Mistry,smistryo9@mapquest.com,Female,179.80.123.52
875,Bard,Baysting,bbaystingoa@paginegialle.it,Male,114.98.112.249
876,Christine,Dast,cdastob@oaic.gov.au,Female,206.36.184.67
877,Raul,Alldread,ralldreadoc@blogs.com,Male,21.71.72.25
878,Lanny,Venditto,lvendittood@state.gov,Female,206.202.130.164
879,Ingar,Greenhalf,igreenhalfoe@mediafire.com,Male,102.35.106.218
880,Reube,Apfel,rapfelof@gmpg.org,Male,255.225.196.113
881,Eden,Halgarth,ehalgarthog@typepad.com,Female,213.238.50.249
882,Chrissie,Carson,ccarsonoh@delicious.com,Male,126.21.167.13
883,Smith,Mechi,smechioi@dagondesign.com,Male,145.167.20.179
884,Rutledge,Agett,ragettoj@prweb.com,Male,37.34.199.11
885,Page,Lucus,plucusok@ihg.com,Female,90.140.8.69
886,Winna,Espinay,wespinayol@tripod.com,Female,32.253.43.152
887,Romona,Dransfield,rdransfieldom@de.vu,Female,38.236.50.16
888,Fifine,Message,fmessageon@mail.ru,Female,160.54.2.62
889,Brittan,Lambshine,blambshineoo@jugem.jp,Female,181.47.70.215
890,Shandeigh,Blemings,sblemingsop@bbc.co.uk,Female,195.18.118.139
891,Roslyn,Ralfe,rralfeoq@unblog.fr,Female,62.144.115.27
892,Andros,Frigout,afrigoutor@berkeley.edu,Male,141.233.157.36
893,Fairleigh,Swatradge,fswatradgeos@hhs.gov,Male,255.30.141.78
894,Dun,Barrick,dbarrickot@mtv.com,Male,32.147.247.0
895,Lutero,Kenwrick,lkenwrickou@wufoo.com,Male,197.187.31.100
896,Rowan,Eyckelbeck,reyckelbeckov@51.la,Male,101.146.2.115
897,Hanni,Newlan,hnewlanow@shareasale.com,Female,199.203.29.224
898,Leann,Darlow,ldarlowox@wikipedia.org,Female,105.209.235.64
899,Court,Flisher,cflisheroy@blogger.com,Male,201.38.213.111
900,Aguistin,Atwill,aatwilloz@dropbox.com,Male,117.249.66.118
901,Jocelin,Conduit,jconduitp0@addthis.com,Female,41.180.24.247
902,Hayes,June,hjunep1@geocities.jp,Male,139.67.8.197
903,Garfield,Szwandt,gszwandtp2@miitbeian.gov.cn,Male,175.250.37.33
904,Issie,Lorman,ilormanp3@theglobeandmail.com,Female,248.81.163.234
905,Meier,Whether,mwhetherp4@howstuffworks.com,Male,234.15.84.152
906,Dante,Millhouse,dmillhousep5@youtu.be,Male,255.144.66.8
907,Gary,Whitehorn,gwhitehornp6@moonfruit.com,Male,245.9.122.94
908,Pauli,Goodsell,pgoodsellp7@ftc.gov,Female,105.144.42.85
909,Randell,Amorine,ramorinep8@sitemeter.com,Male,26.88.41.237
910,Kristo,Blenkinsopp,kblenkinsoppp9@amazon.co.uk,Male,173.114.84.76
911,Sylvester,Inchley,sinchleypa@topsy.com,Male,151.75.160.130
912,Henrie,Cowdry,hcowdrypb@mail.ru,Female,47.40.231.37
913,Hayyim,Phippen,hphippenpc@hibu.com,Male,175.110.35.171
914,Agnella,Batterbee,abatterbeepd@yale.edu,Female,40.10.86.136
915,Lind,Buddington,lbuddingtonpe@jalbum.net,Male,82.190.40.202
916,Hew,Ferriman,hferrimanpf@ask.com,Male,104.76.169.190
917,Alameda,Handaside,ahandasidepg@symantec.com,Female,115.40.33.133
918,Aristotle,Fley,afleyph@cbslocal.com,Male,8.206.240.116
919,Sheffy,Ruffell,sruffellpi@joomla.org,Male,113.240.195.71
920,Harlin,Gobeau,hgobeaupj@xinhuanet.com,Male,54.244.251.38
921,Cosme,de Mendoza,cdemendozapk@ucoz.ru,Male,80.97.55.164
922,Martina,Morad,mmoradpl@ftc.gov,Female,76.121.218.161
923,Dorine,Daugherty,ddaughertypm@blog.com,Female,181.214.152.126
924,Stacey,Dethloff,sdethloffpn@hp.com,Female,62.175.159.214
925,Enriqueta,Rowlings,erowlingspo@theatlantic.com,Female,118.67.171.152
926,Alis,Le Surf,alesurfpp@cpanel.net,Female,108.146.116.88
927,Erena,Dabs,edabspq@creativecommons.org,Female,165.37.205.41
928,Bengt,Baudry,bbaudrypr@phpbb.com,Male,157.215.206.162
929,Trescha,Writtle,twrittleps@is.gd,Female,61.47.171.99
930,Rustie,Wildish,rwildishpt@privacy.gov.au,Male,117.58.198.188
931,Latia,Checchetelli,lchecchetellipu@angelfire.com,Female,180.2.243.150
932,Reese,Viel,rvielpv@cbc.ca,Male,25.3.233.15
933,Esma,Popham,epophampw@etsy.com,Female,208.40.246.188
934,Hartley,Fallow,hfallowpx@networkadvertising.org,Male,200.158.100.112
935,Teodorico,Darinton,tdarintonpy@google.com.au,Male,28.131.25.185
936,Lorette,Adnett,ladnettpz@ucoz.com,Female,245.12.43.56
937,Wernher,Loveitt,wloveittq0@illinois.edu,Male,81.238.168.128
938,Stinky,Shenton,sshentonq1@springer.com,Male,224.82.141.203
939,Ambros,Grabbam,agrabbamq2@hexun.com,Male,102.237.203.17
940,Lilly,Creenan,lcreenanq3@forbes.com,Female,198.18.157.193
941,Jory,MacColgan,jmaccolganq4@harvard.edu,Male,249.9.200.126
942,Kevan,Cammomile,kcammomileq5@angelfire.com,Male,4.60.99.169
943,Corbett,Beames,cbeamesq6@va.gov,Male,114.141.39.54
944,Vanya,Annell,vannellq7@google.com,Female,40.229.4.254
945,Pavlov,Roloff,proloffq8@printfriendly.com,Male,46.93.206.193
946,Yevette,Babbe,ybabbeq9@microsoft.com,Female,69.40.27.42
947,Juli,Scard,jscardqa@foxnews.com,Female,75.61.1.46
948,Danice,Pratt,dprattqb@howstuffworks.com,Female,219.210.236.206
949,Tobe,Simes,tsimesqc@usatoday.com,Female,1.31.83.94
950,Tracie,Dudgeon,tdudgeonqd@dot.gov,Female,180.58.196.65
951,Morie,Peplow,mpeplowqe@independent.co.uk,Male,216.104.29.242
952,Suzy,Di Maria,sdimariaqf@answers.com,Female,97.195.187.28
953,Hamish,Gainsborough,hgainsboroughqg@prlog.org,Male,176.234.24.65
954,Dorey,Ondrich,dondrichqh@businessinsider.com,Female,59.71.222.213
955,Berthe,Sandyford,bsandyfordqi@google.ca,Female,81.69.78.129
956,Suzann,Airey,saireyqj@bloglines.com,Female,211.27.9.28
957,Katerina,Brodhead,kbrodheadqk@about.com,Female,136.177.222.215
958,Elicia,Deakin,edeakinql@wufoo.com,Female,194.6.96.168
959,Chryste,Keneford,ckenefordqm@pbs.org,Female,150.215.142.42
960,Jonah,Waldera,jwalderaqn@icq.com,Male,6.143.157.239
961,Zacharia,Dethloff,zdethloffqo@hexun.com,Male,106.227.14.17
962,Brigg,Zukierman,bzukiermanqp@pen.io,Male,116.232.238.46
963,Trevar,Parfett,tparfettqq@sphinn.com,Male,236.255.195.142
964,Janos,Deeming,jdeemingqr@nymag.com,Male,141.69.192.129
965,Drew,Laslett,dlaslettqs@upenn.edu,Male,220.223.247.147
966,Rex,Eddoes,reddoesqt@wordpress.org,Male,79.55.186.50
967,Neely,Elfitt,nelfittqu@patch.com,Female,134.170.115.151
968,Lyle,Savell,lsavellqv@wix.com,Male,93.153.21.188
969,Alexandros,Smy,asmyqw@discovery.com,Male,155.241.87.196
970,Morris,Clemetts,mclemettsqx@walmart.com,Male,188.153.20.105
971,Lothaire,Kemet,lkemetqy@github.com,Male,145.135.251.244
972,Axe,Gynni,agynniqz@java.com,Male,182.112.192.51
973,Pip,Stamper,pstamperr0@addthis.com,Male,169.168.206.195
974,Bent,Stamps,bstampsr1@wp.com,Male,203.9.85.24
975,Lilah,Morley,lmorleyr2@prlog.org,Female,81.205.241.72
976,Greggory,Alenichicov,galenichicovr3@businessinsider.com,Male,173.159.120.58
977,Francisco,Sumpner,fsumpnerr4@mapquest.com,Male,12.187.253.115
978,Damiano,Standering,dstanderingr5@spotify.com,Male,100.20.43.83
979,Rube,Duggen,rduggenr6@mashable.com,Male,56.111.156.27
980,Orsa,Karlicek,okarlicekr7@scientificamerican.com,Female,180.19.163.69
981,Nikki,Lavin,nlavinr8@mtv.com,Female,137.28.245.243
982,Malynda,Chasson,mchassonr9@edublogs.org,Female,30.135.248.135
983,Zorine,Sivewright,zsivewrightra@blog.com,Female,64.197.7.242
984,Roshelle,Lavalle,rlavallerb@indiegogo.com,Female,9.101.95.110
985,Amabelle,Kille,akillerc@privacy.gov.au,Female,28.5.227.78
986,Brittani,Dolder,bdolderrd@w3.org,Female,245.132.57.230
987,Francene,Christal,fchristalre@mozilla.com,Female,61.167.183.10
988,Gherardo,Kellough,gkelloughrf@squarespace.com,Male,144.125.155.114
989,Christy,Darwood,cdarwoodrg@imgur.com,Male,27.172.213.191
990,Rana,Ortet,rortetrh@simplemachines.org,Female,85.93.236.46
991,Morgen,Kabsch,mkabschri@sakura.ne.jp,Male,36.187.12.94
992,Dion,Eddington,deddingtonrj@51.la,Male,195.203.5.77
993,Gates,Birdwhistell,gbirdwhistellrk@senate.gov,Female,150.110.106.221
994,Antonetta,Paybody,apaybodyrl@smugmug.com,Female,60.106.40.66
995,Freddy,Andreaccio,fandreacciorm@boston.com,Male,21.164.81.123
996,Bord,Penbarthy,bpenbarthyrn@ning.com,Male,170.132.51.130
997,Sari,Lighterness,slighternessro@admin.ch,Female,138.74.68.149
998,Mayor,Schaumann,mschaumannrp@aol.com,Male,124.174.199.129
999,Irena,Shakesbye,ishakesbyerq@reuters.com,Female,32.54.241.209
1000,Shoshanna,Yankin,syankinrr@dailymotion.com,Female,80.130.247.200
